id,post_title,tema,bloque_lomloe,edad_recomendada,tiempo_estimado,dificultad,objetivos_raw,instrucciones_raw,descripcion_referencia,contenido_ficha_html,descripcion,status,Nivel Educativo,Curso,Asignatura,Meta Titulo,Meta Descripcion
INF001,Contar hasta 5,Números 1-5,Sentido Numérico,3-4 años,3,Fácil,Contar objetos del 1 al 5|Identificar cantidades pequeñas|Asociar número con cantidad visual,Observa cada grupo de objetos|Cuenta con tus deditos|Señala el número correcto,"Ficha interactiva para los más pequeños que aprenden a contar hasta 5. Presenta objetos visuales grandes y coloridos (círculos, estrellas, corazones). El niño cuenta y selecciona el número correcto. 8 ejercicios simples con apoyo visual constante. Duración: 3 minutos. Edad: 3-4 años. Nivel: Fácil.",,<p>Primera <strong>ficha de números</strong> para niños de <strong>3 años</strong>. Aprende a contar del 1 al 5 con dibujos grandes y bonitos. Perfecta para <strong>Infantil 3 años</strong>.</p>,pending,Infantil,3 Años,Matemáticas,Contar hasta 5 | 3 Años (3-4) Infantil Interactiva,"Ficha interactiva con 8 ejercicios para contar del 1 al 5. 3 Años Infantil, nivel fácil. ¡Aprende contando objetos coloridos! Descarga gratis."
INF002,Número 1,Números 1-5,Sentido Numérico,3-4 años,2,Fácil,Reconocer el número 1|Contar un solo objeto|Identificar el número 1 en diferentes contextos,Mira el número 1|Busca grupos de 1 objeto|Elige la respuesta correcta,"Ficha dedicada al número 1. El niño aprende a reconocer su grafía y asociarlo con un solo objeto. 6 ejercicios con estrella sola, corazón solo, círculo solo. Muy visual y repetitivo para reforzar el concepto.",,<p>Aprende el <strong>número 1</strong> con esta ficha para <strong>3 años</strong>. Perfecta para empezar con los números en <strong>Infantil</strong>.</p>,pending,Infantil,3 Años,Matemáticas,Número 1 | 3 Años (3-4) Infantil PDF,"Ficha del número 1 con 6 ejercicios de reconocimiento y conteo. 3 Años Infantil, nivel fácil. ¡Aprende el primer número! Descarga PDF gratis."
INF003,Número 2,Números 1-5,Sentido Numérico,3-4 años,2,Fácil,Reconocer el número 2|Contar dos objetos|Identificar parejas,Busca el número 2|Cuenta dos objetos iguales|Señala la respuesta,"Ficha del número 2. Presenta parejas de objetos (dos estrellas, dos corazones). El niño cuenta hasta dos y reconoce el número. 6 ejercicios simples y repetitivos.",,<p>Ficha del <strong>número 2</strong> para <strong>3 años</strong>. Aprende a contar parejas de objetos en <strong>Infantil</strong>.</p>,pending,Infantil,3 Años,Matemáticas,Número 2 | 3 Años (3-4) Infantil Interactiva,"Ficha del número 2 con 6 ejercicios de parejas y conteo. 3 Años Infantil, nivel fácil. ¡Cuenta de dos en dos! Descarga gratis."
INF004,Número 3,Números 1-5,Sentido Numérico,3-4 años,2,Fácil,Reconocer el número 3|Contar tres objetos|Asociar número con cantidad,Observa el número 3|Cuenta tres objetos|Elige la respuesta correcta,Ficha del número 3. Grupos de tres objetos visuales. El niño cuenta y selecciona el número correcto entre opciones. 6 ejercicios progresivos.,,<p><strong>Número 3</strong> para <strong>Infantil 3 años</strong>. Aprende contando tres objetos coloridos.</p>,pending,Infantil,3 Años,Matemáticas,Número 3 | 3 Años (3-4) Infantil PDF,"Ficha del número 3 con 6 ejercicios de conteo visual. 3 Años Infantil, nivel fácil. ¡Practica el número 3! Descarga PDF gratis."
INF005,Círculo y cuadrado,Formas Geométricas,Sentido Espacial,3-4 años,3,Fácil,Reconocer círculo y cuadrado|Diferenciar formas básicas|Nombrar formas geométricas,Mira cada forma|¿Es redonda o tiene esquinas?|Señala la respuesta,"Primera ficha de geometría. Presenta círculo y cuadrado de forma aislada y en objetos cotidianos (pelota, dado). 8 ejercicios de reconocimiento visual.",,<p>Aprende las formas: <strong>círculo y cuadrado</strong>. Ficha para <strong>3 años</strong> con dibujos grandes.</p>,pending,Infantil,3 Años,Matemáticas,Círculo y Cuadrado | 3 Años (3-4) Infantil,"Ficha de formas geométricas con 8 ejercicios de círculo y cuadrado. 3 Años Infantil, nivel fácil. ¡Aprende formas básicas! Descarga gratis."
INF006,Series de colores,Series,Sentido Numérico,3-4 años,3,Fácil,Reconocer patrones simples|Completar series de colores|Desarrollar lógica básica,Observa los colores|¿Cuál viene después?|Señala la respuesta correcta,Ficha de series con dos colores alternos (rojo-azul-rojo-azul). El niño debe identificar qué color sigue. 6 ejercicios con patrones visuales simples.,,<p><strong>Series de colores</strong> para <strong>3 años</strong>. Aprende patrones sencillos en <strong>Infantil</strong>.</p>,pending,Infantil,3 Años,Matemáticas,Series de Colores | 3 Años (3-4) Infantil PDF,"Ficha de series con 6 ejercicios de patrones de colores. 3 Años Infantil, nivel fácil. ¡Completa las series! Descarga PDF gratis."
INF007,Reconocer vocal A,Vocales,Comunicación Verbal,3-4 años,2,Fácil,Reconocer la vocal A|Identificar sonido /a/|Señalar la letra A,Mira la letra A|Busca la A grande|Señala dónde está,Primera ficha de vocales. El niño aprende a reconocer la A mayúscula en diferentes tamaños y colores. 5 ejercicios de identificación visual.,,<p>Aprende la <strong>vocal A</strong> con esta ficha para <strong>3 años</strong>. Primera letra en <strong>Infantil</strong>.</p>,pending,Infantil,3 Años,Lenguaje,Vocal A | 3 Años (3-4) Infantil Interactiva,"Ficha de la vocal A con 5 ejercicios de reconocimiento visual. 3 Años Infantil, nivel fácil. ¡Primera vocal! Descarga gratis."
INF008,Reconocer vocal E,Vocales,Comunicación Verbal,3-4 años,2,Fácil,Reconocer la vocal E|Identificar sonido /e/|Señalar la letra E,Observa la letra E|Busca la E grande|Señala dónde está,Ficha de la vocal E. Reconocimiento visual de E mayúscula en contextos variados. 5 ejercicios simples.,,<p><strong>Vocal E</strong> para <strong>Infantil 3 años</strong>. Aprende la segunda vocal.</p>,pending,Infantil,3 Años,Lenguaje,Vocal E | 3 Años (3-4) Infantil PDF,"Ficha de la vocal E con 5 ejercicios de reconocimiento. 3 Años Infantil, nivel fácil. ¡Segunda vocal! Descarga PDF gratis."
INF009,Trazos verticales,Grafomotricidad,Expresión Gráfica,3-4 años,3,Fácil,Realizar trazos verticales|Controlar movimiento de arriba a abajo|Preparar escritura,Pon el dedo arriba|Baja en línea recta|Repite el trazo,Ficha de grafomotricidad con líneas verticales. El niño repasa líneas de arriba hacia abajo. 6 ejercicios progresivos de mayor a menor tamaño.,,<p><strong>Trazos verticales</strong> para <strong>3 años</strong>. Preparación para la escritura en <strong>Infantil</strong>.</p>,pending,Infantil,3 Años,Lenguaje,Trazos Verticales | 3 Años (3-4) Infantil,"Ficha de grafomotricidad con 6 ejercicios de trazos verticales. 3 Años Infantil, nivel fácil. ¡Prepara la escritura! Descarga gratis."
INF010,Trazos horizontales,Grafomotricidad,Expresión Gráfica,3-4 años,3,Fácil,Realizar trazos horizontales|Controlar movimiento de izquierda a derecha|Coordinar mano,Pon el dedo a la izquierda|Ve hacia la derecha|Repasa la línea,Ficha de líneas horizontales. El niño traza de izquierda a derecha siguiendo guías punteadas. 6 ejercicios con líneas cada vez más largas.,,<p><strong>Trazos horizontales</strong> para <strong>3 años</strong>. Ejercicios de grafomotricidad para <strong>Infantil</strong>.</p>,pending,Infantil,3 Años,Lenguaje,Trazos Horizontales | 3 Años (3-4) Infantil PDF,"Ficha con 6 ejercicios de trazos horizontales. 3 Años Infantil, nivel fácil. ¡Mejora la coordinación! Descarga PDF gratis."
INF011,Colors - Red,Colores,Lengua Extranjera,3-4 años,2,Fácil,Aprender el color rojo en inglés|Reconocer objetos rojos|Decir 'red',Look at the red color|Find red objects|Point to red,"Primera ficha de inglés. Presenta el color rojo (red) con objetos cotidianos rojos: manzana, corazón, globo. 5 ejercicios de reconocimiento.",,<p>Aprende <strong>red (rojo)</strong> en inglés. Ficha para <strong>3 años</strong> en <strong>Infantil</strong>.</p>,pending,Infantil,3 Años,Inglés,Color Red | 3 Años (3-4) Infantil Inglés,"Ficha de inglés del color red (rojo) con 5 ejercicios visuales. 3 Años Infantil, nivel fácil. ¡First color! Descarga gratis."
INF012,Colors - Blue,Colores,Lengua Extranjera,3-4 años,2,Fácil,Aprender el color azul en inglés|Reconocer objetos azules|Decir 'blue',Look at the blue color|Find blue objects|Point to blue,"Ficha del color azul (blue). Objetos azules: cielo, mar, pelota. 5 ejercicios de identificación.",,<p><strong>Blue (azul)</strong> en inglés para <strong>3 años</strong>. Segunda ficha de colores en <strong>Infantil</strong>.</p>,pending,Infantil,3 Años,Inglés,Color Blue | 3 Años (3-4) Infantil PDF,"Ficha del color blue (azul) con 5 ejercicios de reconocimiento. 3 Años Infantil, nivel fácil. ¡Learn colors! Descarga PDF gratis."
INF013,Animals - Dog,Animales,Lengua Extranjera,3-4 años,2,Fácil,Aprender 'dog' en inglés|Reconocer perros|Imitar sonido del perro,Look at the dog|Say 'woof woof'|Point to the dog,Primera ficha de animales. El perro (dog). Presenta diferentes razas de perros y el niño los identifica. 5 ejercicios con imágenes grandes.,,<p>Aprende <strong>dog (perro)</strong> en inglés. Ficha de animales para <strong>3 años</strong>.</p>,pending,Infantil,3 Años,Inglés,Animal Dog | 3 Años (3-4) Infantil Inglés,"Ficha de inglés del animal dog (perro) con 5 ejercicios. 3 Años Infantil, nivel fácil. ¡First animal! Descarga gratis."
INF014,El cuerpo humano - Cabeza,El Cuerpo Humano,Conocimiento del Entorno,3-4 años,2,Fácil,Identificar la cabeza|Señalar partes de la cara|Nombrar cabeza,Toca tu cabeza|Señala la cabeza en el dibujo|¿Dónde está la cabeza?,"Primera ficha del cuerpo humano. Presenta la cabeza y sus partes principales: ojos, boca, nariz. 5 ejercicios de reconocimiento.",,<p>Aprende las partes del cuerpo: <strong>la cabeza</strong>. Ficha para <strong>3 años</strong>.</p>,pending,Infantil,3 Años,Conocimiento del Entorno,La Cabeza | 3 Años (3-4) Infantil Cuerpo Humano,"Ficha del cuerpo humano: la cabeza con 5 ejercicios. 3 Años Infantil, nivel fácil. ¡Aprende tu cuerpo! Descarga PDF gratis."
INF015,El cuerpo humano - Manos,El Cuerpo Humano,Conocimiento del Entorno,3-4 años,2,Fácil,Identificar las manos|Contar dedos|Usar las manos,Levanta tus manos|Cuenta tus dedos|¿Para qué sirven?,"Ficha sobre las manos. El niño las reconoce, cuenta dedos (5 en cada mano) y aprende para qué sirven. 5 ejercicios interactivos.",,<p><strong>Las manos</strong> y sus funciones. Ficha del cuerpo humano para <strong>3 años</strong>.</p>,pending,Infantil,3 Años,Conocimiento del Entorno,Las Manos | 3 Años (3-4) Infantil PDF,"Ficha de las manos con 5 ejercicios de reconocimiento y conteo de dedos. 3 Años Infantil, nivel fácil. ¡Conoce tu cuerpo! Descarga gratis."
INF016,Animales domésticos,Animales,Conocimiento del Entorno,3-4 años,3,Fácil,"Reconocer animales domésticos|Nombrar perro, gato, pez|Identificar dónde viven",Mira cada animal|¿Vive en tu casa?|Señala los animales domésticos,"Ficha de animales que viven en casa: perro, gato, pez, pájaro. El niño los reconoce y diferencia de animales salvajes. 6 ejercicios.",,<p><strong>Animales domésticos</strong> para <strong>3 años</strong>. Aprende qué animales viven en casa.</p>,pending,Infantil,3 Años,Conocimiento del Entorno,Animales Domésticos | 3 Años (3-4) Infantil,"Ficha de animales domésticos con 6 ejercicios de reconocimiento. 3 Años Infantil, nivel fácil. ¡Aprende animales de casa! Descarga gratis."
INF017,Contar hasta 10,Números 1-10,Sentido Numérico,4-5 años,3,Fácil,Contar objetos del 1 al 10|Identificar cantidades|Asociar número con cantidad,Observa cada grupo|Cuenta despacio|Elige el número correcto,Ficha para contar hasta 10. Presenta grupos visuales de objetos del 1 al 10. El niño cuenta y selecciona el número. 10 ejercicios progresivos.,,<p><strong>Contar hasta 10</strong> para <strong>4 años</strong>. Amplia el rango numérico en <strong>Infantil</strong>.</p>,pending,Infantil,4 Años,Matemáticas,Contar hasta 10 | 4 Años (4-5) Infantil Interactiva,"Ficha interactiva con 10 ejercicios para contar del 1 al 10. 4 Años Infantil, nivel fácil. ¡Cuenta hasta 10! Descarga gratis."
INF018,Números 1-5 Completo,Números 1-5,Sentido Numérico,4-5 años,4,Medio,Reconocer números del 1 al 5|Ordenar números|Comparar cantidades pequeñas,Lee cada número|Ordénalos de menor a mayor|Compara las cantidades,"Ficha completa de números 1-5. Incluye reconocimiento, ordenamiento y comparación. 10 ejercicios variados de dificultad media.",,<p>Repaso completo de <strong>números 1-5</strong> para <strong>4 años</strong>. Ficha más avanzada en <strong>Infantil</strong>.</p>,pending,Infantil,4 Años,Matemáticas,Números 1-5 Completo | 4 Años (4-5) Infantil PDF,"Ficha de números 1-5 con 10 ejercicios de reconocimiento y orden. 4 Años Infantil, nivel medio. ¡Domina los primeros números! Descarga PDF."
INF019,Número 4,Números 1-10,Sentido Numérico,4-5 años,2,Fácil,Reconocer el número 4|Contar cuatro objetos|Escribir el 4,Observa el número 4|Cuenta cuatro objetos|Traza el número,"Ficha dedicada al número 4. Reconocimiento visual, conteo de grupos de 4 y trazo del número. 6 ejercicios.",,<p><strong>Número 4</strong> para <strong>4 años</strong>. Aprende el cuatro en <strong>Infantil</strong>.</p>,pending,Infantil,4 Años,Matemáticas,Número 4 | 4 Años (4-5) Infantil Interactiva,"Ficha del número 4 con 6 ejercicios de conteo y trazo. 4 Años Infantil, nivel fácil. ¡Aprende el 4! Descarga gratis."
INF020,Número 5,Números 1-10,Sentido Numérico,4-5 años,2,Fácil,Reconocer el número 5|Contar cinco objetos|Asociar con los dedos de la mano,Mira tus dedos|Cuenta hasta cinco|Busca grupos de 5,Ficha del número 5. Asociación con los dedos de la mano. 6 ejercicios de reconocimiento y conteo.,,<p><strong>Número 5</strong> para <strong>4 años</strong>. Usa tus dedos para contar en <strong>Infantil</strong>.</p>,pending,Infantil,4 Años,Matemáticas,Número 5 | 4 Años (4-5) Infantil PDF,"Ficha del número 5 con 6 ejercicios usando dedos de la mano. 4 Años Infantil, nivel fácil. ¡Cuenta con tus manos! Descarga PDF."
INF021,Triángulo,Formas Geométricas,Sentido Espacial,4-5 años,3,Fácil,Reconocer el triángulo|Contar tres lados|Identificar triángulos en objetos,Mira los tres lados|Cuenta las esquinas|Busca triángulos,Ficha del triángulo. El niño aprende que tiene 3 lados y 3 esquinas. 7 ejercicios de reconocimiento en objetos cotidianos.,,<p><strong>Triángulo</strong> para <strong>4 años</strong>. Nueva forma geométrica en <strong>Infantil</strong>.</p>,pending,Infantil,4 Años,Matemáticas,Triángulo | 4 Años (4-5) Infantil Geometría,"Ficha del triángulo con 7 ejercicios de reconocimiento y conteo de lados. 4 Años Infantil, nivel fácil. ¡Aprende formas! Descarga gratis."
INF022,Series complejas,Series,Sentido Numérico,4-5 años,4,Medio,Completar series de tres elementos|Reconocer patrones complejos|Desarrollar lógica,Observa el patrón|¿Qué sigue?|Completa la serie,Ficha de series con tres elementos (rojo-azul-verde-rojo-azul-verde). Patrones más complejos que en 3 años. 8 ejercicios.,,<p><strong>Series complejas</strong> para <strong>4 años</strong>. Patrones de tres colores en <strong>Infantil</strong>.</p>,pending,Infantil,4 Años,Matemáticas,Series Complejas | 4 Años (4-5) Infantil PDF,"Ficha de series con 8 ejercicios de patrones de 3 elementos. 4 Años Infantil, nivel medio. ¡Completa las series! Descarga PDF."
INF023,Sumas sencillas hasta 5,Sumas y Restas,Sentido Numérico,4-5 años,4,Medio,Sumar dos números pequeños|Comprender adición básica|Resolver sumas visuales,Cuenta el primer grupo|Cuenta el segundo grupo|¿Cuántos hay en total?,"Primera ficha de sumas. Operaciones tipo 2+1, 3+2 con apoyo visual de objetos. 8 ejercicios de iniciación a la suma.",,<p>Primeras <strong>sumas</strong> para <strong>4 años</strong>. Introducción a la adición en <strong>Infantil</strong>.</p>,pending,Infantil,4 Años,Matemáticas,Sumas Sencillas | 4 Años (4-5) Infantil Interactiva,"Ficha de sumas con 8 ejercicios visuales hasta 5. 4 Años Infantil, nivel medio. ¡Primeras sumas! Descarga gratis."
INF024,"Vocales A, E, I",Vocales,Comunicación Verbal,4-5 años,3,Fácil,"Reconocer vocales A, E, I|Diferenciar entre las tres vocales|Identificar sonidos",Mira cada vocal|¿Cuál es?|Señala la correcta,Ficha de repaso de las tres primeras vocales. El niño las diferencia visualmente y por sonido. 8 ejercicios mixtos.,,"<p>Repaso de <strong>vocales A, E, I</strong> para <strong>4 años</strong>. Tres vocales juntas en <strong>Infantil</strong>.</p>",pending,Infantil,4 Años,Lenguaje,Vocales A E I | 4 Años (4-5) Infantil PDF,"Ficha de 3 vocales (A, E, I) con 8 ejercicios de reconocimiento. 4 Años Infantil, nivel fácil. ¡Aprende las vocales! Descarga PDF."
INF025,Lectoescritura - M,Lectoescritura,Comunicación Verbal,4-5 años,3,Fácil,"Reconocer la letra M|Asociar con sonido /m/|Leer sílabas ma, me, mi","Mira la letra M|Di 'mmm'|Lee ma, me, mi","Primera letra consonante. La M con sus sílabas ma, me, mi, mo, mu. 7 ejercicios de reconocimiento y lectura inicial.",,<p>Primera consonante: <strong>letra M</strong> para <strong>4 años</strong>. Inicio de lectoescritura en <strong>Infantil</strong>.</p>,pending,Infantil,4 Años,Lenguaje,Letra M | 4 Años (4-5) Infantil Lectoescritura,"Ficha de la letra M con 7 ejercicios de sílabas ma-me-mi-mo-mu. 4 Años Infantil, nivel fácil. ¡Primera consonante! Descarga gratis."
INF026,Lectoescritura - P,Lectoescritura,Comunicación Verbal,4-5 años,3,Fácil,"Reconocer la letra P|Asociar con sonido /p/|Leer sílabas pa, pe, pi","Observa la letra P|Di 'ppp'|Lee pa, pe, pi","Segunda consonante. La P con sus sílabas pa, pe, pi, po, pu. 7 ejercicios progresivos.",,<p><strong>Letra P</strong> para <strong>4 años</strong>. Segunda consonante en <strong>Infantil</strong>.</p>,pending,Infantil,4 Años,Lenguaje,Letra P | 4 Años (4-5) Infantil PDF,"Ficha de la letra P con 7 ejercicios de sílabas pa-pe-pi-po-pu. 4 Años Infantil, nivel fácil. ¡Segunda consonante! Descarga PDF."
INF027,Trazos oblicuos,Grafomotricidad,Expresión Gráfica,4-5 años,3,Fácil,Realizar trazos oblicuos|Controlar movimiento diagonal|Preparar escritura de letras,Traza desde arriba hacia abajo|Sigue la línea inclinada|Repasa el trazo,"Ficha de trazos diagonales. Preparación para letras como A, V, N. 7 ejercicios de líneas oblicuas.",,<p><strong>Trazos oblicuos</strong> para <strong>4 años</strong>. Grafomotricidad más avanzada en <strong>Infantil</strong>.</p>,pending,Infantil,4 Años,Lenguaje,Trazos Oblicuos | 4 Años (4-5) Infantil Grafomotricidad,"Ficha de grafomotricidad con 7 ejercicios de trazos diagonales. 4 Años Infantil, nivel fácil. ¡Mejora tu trazo! Descarga gratis."
INF028,Colors completo,Colores,Lengua Extranjera,4-5 años,3,Fácil,"Aprender 5 colores en inglés|Red, blue, yellow, green, orange|Nombrar colores",Look at each color|Say the name|Point to the color,"Ficha completa de colores básicos en inglés. Red, blue, yellow, green, orange. 8 ejercicios de reconocimiento.",,<p><strong>5 colores en inglés</strong> para <strong>4 años</strong>. Vocabulario completo de colores en <strong>Infantil</strong>.</p>,pending,Infantil,4 Años,Inglés,Colors Completo | 4 Años (4-5) Infantil Inglés,"Ficha de 5 colores en inglés con 8 ejercicios. 4 Años Infantil, nivel fácil. ¡Learn all colors! Descarga gratis."
INF029,Animals - Cat,Animales,Lengua Extranjera,4-5 años,2,Fácil,Aprender 'cat' en inglés|Reconocer gatos|Imitar sonido del gato,Look at the cat|Say 'meow'|Point to cats,Ficha del gato (cat). Diferentes tipos de gatos. 5 ejercicios de identificación.,,<p><strong>Cat (gato)</strong> en inglés para <strong>4 años</strong>. Segundo animal en <strong>Infantil</strong>.</p>,pending,Infantil,4 Años,Inglés,Animal Cat | 4 Años (4-5) Infantil PDF,"Ficha del animal cat (gato) con 5 ejercicios de reconocimiento. 4 Años Infantil, nivel fácil. ¡Second animal! Descarga PDF."
INF030,Animals - Duck,Animales,Lengua Extranjera,4-5 años,2,Fácil,Aprender 'duck' en inglés|Reconocer patos|Imitar sonido del pato,Look at the duck|Say 'quack quack'|Find the duck,Ficha del pato (duck). El niño reconoce patos en diferentes contextos. 5 ejercicios visuales.,,<p><strong>Duck (pato)</strong> en inglés para <strong>4 años</strong>. Tercer animal en <strong>Infantil</strong>.</p>,pending,Infantil,4 Años,Inglés,Animal Duck | 4 Años (4-5) Infantil Interactiva,"Ficha del pato (duck) con 5 ejercicios de reconocimiento. 4 Años Infantil, nivel fácil. ¡Third animal! Descarga gratis."
INF031,Body Parts - Head,Partes del Cuerpo,Lengua Extranjera,4-5 años,2,Fácil,Aprender 'head' en inglés|Identificar la cabeza|Señalar partes de la cara en inglés,Touch your head|Say 'head'|Point to the head,Primera ficha de partes del cuerpo en inglés. La cabeza (head). 5 ejercicios de identificación.,,<p><strong>Head (cabeza)</strong> en inglés para <strong>4 años</strong>. Partes del cuerpo en <strong>Infantil</strong>.</p>,pending,Infantil,4 Años,Inglés,Body Part Head | 4 Años (4-5) Infantil PDF,"Ficha de body part 'head' (cabeza) con 5 ejercicios. 4 Años Infantil, nivel fácil. ¡Learn body parts! Descarga PDF."
INF032,Los cinco sentidos,Sentidos,Conocimiento del Entorno,4-5 años,4,Medio,"Identificar los 5 sentidos|Vista, oído, olfato, gusto, tacto|Relacionar con órganos",Toca con tu mano|Escucha con tus oídos|Huele con tu nariz,Ficha completa de los cinco sentidos. El niño los identifica y asocia con sus órganos. 10 ejercicios variados.,,<p><strong>Los cinco sentidos</strong> para <strong>4 años</strong>. Aprende cómo percibimos el mundo en <strong>Infantil</strong>.</p>,pending,Infantil,4 Años,Conocimiento del Entorno,Los Cinco Sentidos | 4 Años (4-5) Infantil,"Ficha de los 5 sentidos con 10 ejercicios de reconocimiento. 4 Años Infantil, nivel medio. ¡Descubre tus sentidos! Descarga gratis."
INF033,Animales salvajes,Animales,Conocimiento del Entorno,4-5 años,3,Fácil,"Reconocer animales salvajes|León, elefante, jirafa|Diferenciar de animales domésticos",Mira cada animal|¿Vive en la selva?|Señala los salvajes,"Ficha de animales salvajes: león, elefante, jirafa, cebra. 7 ejercicios de reconocimiento y diferenciación.",,<p><strong>Animales salvajes</strong> para <strong>4 años</strong>. Diferencia animales de casa y selva en <strong>Infantil</strong>.</p>,pending,Infantil,4 Años,Conocimiento del Entorno,Animales Salvajes | 4 Años (4-5) Infantil PDF,"Ficha de animales salvajes con 7 ejercicios de reconocimiento. 4 Años Infantil, nivel fácil. ¡Animales de la selva! Descarga PDF."
INF034,Estaciones - Primavera,Estaciones,Conocimiento del Entorno,4-5 años,3,Fácil,"Reconocer la primavera|Flores, mariposas, clima|Identificar características",Mira las flores|¿Hace frío o calor?|Señala cosas de primavera,"Ficha de la estación de primavera. Características: flores, árboles verdes, mariposas, buen tiempo. 7 ejercicios.",,<p><strong>Primavera</strong> para <strong>4 años</strong>. Aprende las estaciones del año en <strong>Infantil</strong>.</p>,pending,Infantil,4 Años,Conocimiento del Entorno,Primavera | 4 Años (4-5) Infantil Estaciones,"Ficha de la primavera con 7 ejercicios de reconocimiento. 4 Años Infantil, nivel fácil. ¡Aprende las estaciones! Descarga gratis."
INF035,Plantas y flores,Naturaleza,Conocimiento del Entorno,4-5 años,3,Fácil,"Identificar partes de una planta|Raíz, tallo, hojas, flor|Cuidado de plantas",Mira la planta|¿Dónde están las hojas?|¿Qué necesita para crecer?,"Ficha de plantas y flores. Partes de la planta y sus necesidades (agua, sol). 7 ejercicios educativos.",,<p><strong>Plantas y flores</strong> para <strong>4 años</strong>. Aprende sobre la naturaleza en <strong>Infantil</strong>.</p>,pending,Infantil,4 Años,Conocimiento del Entorno,Plantas y Flores | 4 Años (4-5) Infantil PDF,"Ficha de plantas con 7 ejercicios de partes y cuidados. 4 Años Infantil, nivel fácil. ¡Aprende de la naturaleza! Descarga PDF."
INF036,Números hasta 20,Números 1-20,Sentido Numérico,5-6 años,4,Medio,Contar hasta 20|Reconocer números de dos cifras|Ordenar números hasta 20,Cuenta despacio hasta 20|Observa los números|Ordénalos de menor a mayor,Ficha para ampliar hasta el 20. Reconocimiento de números de dos cifras y conteo extendido. 12 ejercicios progresivos.,,<p><strong>Números hasta 20</strong> para <strong>5 años</strong>. Amplia el rango numérico en <strong>Infantil</strong>.</p>,pending,Infantil,5 Años,Matemáticas,Números hasta 20 | 5 Años (5-6) Infantil Interactiva,"Ficha de números hasta 20 con 12 ejercicios de conteo y orden. 5 Años Infantil, nivel medio. ¡Cuenta hasta 20! Descarga gratis."
INF037,Sumas hasta 10,Sumas y Restas,Sentido Numérico,5-6 años,5,Medio,Sumar números hasta 10|Resolver sumas sin apoyo visual|Calcular mentalmente,Lee la suma|Piensa en el resultado|Elige la respuesta correcta,"Ficha de sumas con resultados hasta 10. Tipo 3+4, 5+2, 6+3. Menos apoyo visual para fomentar cálculo mental. 12 ejercicios.",,<p><strong>Sumas hasta 10</strong> para <strong>5 años</strong>. Cálculo más avanzado en <strong>Infantil</strong>.</p>,pending,Infantil,5 Años,Matemáticas,Sumas hasta 10 | 5 Años (5-6) Infantil PDF,"Ficha de sumas con 12 ejercicios hasta 10. 5 Años Infantil, nivel medio. ¡Suma sin ayuda visual! Descarga PDF gratis."
INF038,Restas sencillas,Sumas y Restas,Sentido Numérico,5-6 años,5,Medio,Restar números pequeños|Comprender la resta|Resolver restas hasta 10,Lee la resta|¿Cuántos quedan?|Elige el resultado,"Primera ficha de restas. Operaciones tipo 5-2, 7-3, 10-4. Con apoyo visual mínimo. 10 ejercicios de iniciación.",,<p>Primeras <strong>restas</strong> para <strong>5 años</strong>. Introducción a la resta en <strong>Infantil</strong>.</p>,pending,Infantil,5 Años,Matemáticas,Restas Sencillas | 5 Años (5-6) Infantil Interactiva,"Ficha de restas con 10 ejercicios sencillos hasta 10. 5 Años Infantil, nivel medio. ¡Primeras restas! Descarga gratis."
INF039,Formas y figuras 3D,Formas Geométricas,Sentido Espacial,5-6 años,4,Medio,"Reconocer figuras tridimensionales|Cubo, esfera, cilindro|Diferenciar 2D y 3D",Mira la figura|¿Tiene volumen?|¿Puedes tocarla por todos lados?,"Ficha de geometría 3D. Presenta cubo, esfera, cilindro y los relaciona con objetos cotidianos. 10 ejercicios.",,<p><strong>Figuras 3D</strong> para <strong>5 años</strong>. Geometría tridimensional en <strong>Infantil</strong>.</p>,pending,Infantil,5 Años,Matemáticas,Figuras 3D | 5 Años (5-6) Infantil Geometría,"Ficha de figuras 3D con 10 ejercicios de cubo, esfera y cilindro. 5 Años Infantil, nivel medio. ¡Geometría avanzada! Descarga PDF."
INF040,Derecha e Izquierda,Orientación Espacial,Sentido Espacial,5-6 años,3,Fácil,Identificar derecha e izquierda|Diferenciar lateralidad|Señalar objetos a cada lado,Levanta tu mano derecha|Levanta tu mano izquierda|¿Qué hay a tu derecha?,Ficha de lateralidad. El niño aprende a diferenciar derecha e izquierda. 8 ejercicios con su propio cuerpo y objetos.,,<p><strong>Derecha e izquierda</strong> para <strong>5 años</strong>. Aprende lateralidad en <strong>Infantil</strong>.</p>,pending,Infantil,5 Años,Matemáticas,Derecha e Izquierda | 5 Años (5-6) Infantil PDF,"Ficha de lateralidad con 8 ejercicios de derecha e izquierda. 5 Años Infantil, nivel fácil. ¡Aprende tu orientación! Descarga gratis."
INF041,Dentro y Fuera,Orientación Espacial,Sentido Espacial,5-6 años,3,Fácil,Comprender dentro y fuera|Identificar posiciones espaciales|Aplicar conceptos,¿Está dentro de la caja?|¿Está fuera del círculo?|Señala la posición,Ficha de conceptos espaciales dentro/fuera. 8 ejercicios con objetos en diferentes posiciones.,,<p><strong>Dentro y fuera</strong> para <strong>5 años</strong>. Conceptos espaciales en <strong>Infantil</strong>.</p>,pending,Infantil,5 Años,Matemáticas,Dentro y Fuera | 5 Años (5-6) Infantil Interactiva,"Ficha de orientación espacial con 8 ejercicios de dentro/fuera. 5 Años Infantil, nivel fácil. ¡Aprende posiciones! Descarga PDF."
INF042,Todas las vocales,Vocales,Comunicación Verbal,5-6 años,4,Fácil,"Reconocer las 5 vocales|A, E, I, O, U|Diferenciar mayúsculas y minúsculas",Observa cada vocal|¿Cuál es?|Señala la correcta,Ficha completa de las cinco vocales. Mayúsculas y minúsculas. 10 ejercicios de repaso total.,,<p><strong>Las 5 vocales</strong> para <strong>5 años</strong>. Repaso completo de vocales en <strong>Infantil</strong>.</p>,pending,Infantil,5 Años,Lenguaje,Todas las Vocales | 5 Años (5-6) Infantil PDF,"Ficha de las 5 vocales con 10 ejercicios completos. 5 Años Infantil, nivel fácil. ¡Domina las vocales! Descarga PDF gratis."
INF043,Lectoescritura - L,Lectoescritura,Comunicación Verbal,5-6 años,3,Fácil,"Reconocer la letra L|Leer sílabas la, le, li|Escribir palabras con L","Mira la letra L|Lee la, le, li, lo, lu|Escribe palabras simples",Ficha de la consonante L. Sílabas y primeras palabras. 8 ejercicios progresivos.,,<p><strong>Letra L</strong> para <strong>5 años</strong>. Nueva consonante en <strong>Infantil</strong>.</p>,pending,Infantil,5 Años,Lenguaje,Letra L | 5 Años (5-6) Infantil Lectoescritura,"Ficha de la letra L con 8 ejercicios de sílabas y palabras. 5 Años Infantil, nivel fácil. ¡Aprende la L! Descarga gratis."
INF044,Lectoescritura - S,Lectoescritura,Comunicación Verbal,5-6 años,3,Fácil,"Reconocer la letra S|Leer sílabas sa, se, si|Formar palabras con S","Observa la letra S|Di 'sss'|Lee sa, se, si, so, su",Ficha de la consonante S. Sonido y sílabas. 8 ejercicios de lectura inicial.,,<p><strong>Letra S</strong> para <strong>5 años</strong>. Continúa la lectoescritura en <strong>Infantil</strong>.</p>,pending,Infantil,5 Años,Lenguaje,Letra S | 5 Años (5-6) Infantil PDF,"Ficha de la letra S con 8 ejercicios de sílabas sa-se-si-so-su. 5 Años Infantil, nivel fácil. ¡Aprende la S! Descarga PDF."
INF045,Leer palabras sencillas,Lectoescritura,Comunicación Verbal,5-6 años,4,Medio,Leer palabras de 2 sílabas|Reconocer palabras completas|Asociar palabra con imagen,Lee la palabra despacio|Junta las sílabas|¿Qué dice?,"Ficha de lectura de palabras simples: mama, papa, pala, sala. 10 ejercicios de lectura con apoyo visual.",,<p><strong>Leer palabras sencillas</strong> para <strong>5 años</strong>. Primeras lecturas en <strong>Infantil</strong>.</p>,pending,Infantil,5 Años,Lenguaje,Leer Palabras | 5 Años (5-6) Infantil Lectura,"Ficha de lectura con 10 ejercicios de palabras sencillas. 5 Años Infantil, nivel medio. ¡Primeras lecturas! Descarga gratis."
INF046,Comprensión lectora,Comprensión Lectora,Comunicación Verbal,5-6 años,5,Medio,Comprender frases simples|Responder preguntas sobre lo leído|Relacionar texto con imagen,Lee la frase|Piensa en lo que dice|Responde la pregunta,Primera ficha de comprensión. Frases cortas con pregunta. Ejemplo: 'El gato es rojo. ¿De qué color es el gato?' 8 ejercicios.,,<p><strong>Comprensión lectora</strong> para <strong>5 años</strong>. Entiende lo que lees en <strong>Infantil</strong>.</p>,pending,Infantil,5 Años,Lenguaje,Comprensión Lectora | 5 Años (5-6) Infantil PDF,"Ficha de comprensión con 8 ejercicios de frases simples. 5 Años Infantil, nivel medio. ¡Entiende lo que lees! Descarga PDF."
INF047,Family members,Familia,Lengua Extranjera,5-6 años,3,Fácil,"Aprender miembros de la familia en inglés|Mother, father, sister, brother|Identificar roles familiares","Look at your family|Say mother, father|Who is your sister?","Ficha de la familia en inglés. Mother, father, sister, brother, baby. 8 ejercicios de vocabulario familiar.",,<p><strong>Family (familia)</strong> en inglés para <strong>5 años</strong>. Vocabulario familiar en <strong>Infantil</strong>.</p>,pending,Infantil,5 Años,Inglés,Family Members | 5 Años (5-6) Infantil Inglés,"Ficha de family members con 8 ejercicios en inglés. 5 Años Infantil, nivel fácil. ¡Learn about family! Descarga gratis."
INF048,Food vocabulary,Comida,Lengua Extranjera,5-6 años,3,Fácil,"Aprender alimentos en inglés|Apple, banana, bread, milk|Nombrar comidas básicas",Look at the food|Say the name|What do you like?,"Ficha de vocabulario de comida. Apple, banana, bread, milk, water. 8 ejercicios de alimentos básicos.",,<p><strong>Food (comida)</strong> en inglés para <strong>5 años</strong>. Vocabulario de alimentos en <strong>Infantil</strong>.</p>,pending,Infantil,5 Años,Inglés,Food Vocabulary | 5 Años (5-6) Infantil PDF,"Ficha de food vocabulary con 8 ejercicios en inglés. 5 Años Infantil, nivel fácil. ¡Learn food names! Descarga PDF."
INF049,Weather - Weather words,Clima,Lengua Extranjera,5-6 años,3,Fácil,"Aprender el clima en inglés|Sunny, rainy, cloudy, windy|Describir el tiempo",Look outside|Is it sunny or rainy?|Say the weather,"Ficha del tiempo meteorológico. Sunny, rainy, cloudy, windy, snowy. 8 ejercicios de clima.",,<p><strong>Weather (clima)</strong> en inglés para <strong>5 años</strong>. Aprende el tiempo en <strong>Infantil</strong>.</p>,pending,Infantil,5 Años,Inglés,Weather Words | 5 Años (5-6) Infantil Interactiva,"Ficha de weather con 8 ejercicios de clima en inglés. 5 Años Infantil, nivel fácil. ¡Learn about weather! Descarga gratis."
INF050,Days of the week,Tiempo,Lengua Extranjera,5-6 años,3,Fácil,Aprender los días de la semana en inglés|Monday to Sunday|Ordenar los días,"Say the days|Monday, Tuesday, Wednesday...|What day is today?","Ficha de los días de la semana en inglés. Monday, Tuesday, Wednesday, Thursday, Friday, Saturday, Sunday. 7 ejercicios.",,<p><strong>Days of the week</strong> en inglés para <strong>5 años</strong>. Aprende los días en <strong>Infantil</strong>.</p>,pending,Infantil,5 Años,Inglés,Days of the Week | 5 Años (5-6) Infantil PDF,"Ficha de days of the week con 7 ejercicios en inglés. 5 Años Infantil, nivel fácil. ¡Learn the days! Descarga PDF."
INF051,El ciclo del agua,Agua y Naturaleza,Conocimiento del Entorno,5-6 años,5,Medio,"Comprender el ciclo del agua|Evaporación, condensación, precipitación|Identificar fases",El agua sube como vapor|Forma nubes|Cae como lluvia,Ficha del ciclo del agua simplificado. Las fases principales explicadas visualmente. 10 ejercicios educativos.,,<p><strong>Ciclo del agua</strong> para <strong>5 años</strong>. Aprende cómo circula el agua en <strong>Infantil</strong>.</p>,pending,Infantil,5 Años,Conocimiento del Entorno,Ciclo del Agua | 5 Años (5-6) Infantil Naturaleza,"Ficha del ciclo del agua con 10 ejercicios de las fases. 5 Años Infantil, nivel medio. ¡Aprende el ciclo! Descarga gratis."
INF052,Reciclaje,Medio Ambiente,Conocimiento del Entorno,5-6 años,4,Fácil,Comprender la importancia del reciclaje|Contenedores de colores|Clasificar residuos,"Mira el contenedor amarillo, azul, verde|¿Dónde va el plástico?|Clasifica la basura",Ficha de reciclaje. Los tres contenedores básicos y qué va en cada uno. 10 ejercicios de clasificación.,,<p><strong>Reciclaje</strong> para <strong>5 años</strong>. Cuida el medio ambiente en <strong>Infantil</strong>.</p>,pending,Infantil,5 Años,Conocimiento del Entorno,Reciclaje | 5 Años (5-6) Infantil PDF,"Ficha de reciclaje con 10 ejercicios de clasificación de residuos. 5 Años Infantil, nivel fácil. ¡Aprende a reciclar! Descarga PDF."
INF053,Profesiones,Sociedad,Conocimiento del Entorno,5-6 años,4,Fácil,"Reconocer profesiones básicas|Médico, profesor, bombero, policía|Identificar oficios",¿Quién cura a la gente?|¿Quién apaga fuegos?|Señala cada profesión,"Ficha de profesiones. Médico, profesor, bombero, policía, cocinero. 10 ejercicios de identificación.",,<p><strong>Profesiones</strong> para <strong>5 años</strong>. Aprende diferentes oficios en <strong>Infantil</strong>.</p>,pending,Infantil,5 Años,Conocimiento del Entorno,Profesiones | 5 Años (5-6) Infantil Interactiva,"Ficha de profesiones con 10 ejercicios de reconocimiento de oficios. 5 Años Infantil, nivel fácil. ¡Conoce las profesiones! Descarga gratis."
INF054,El espacio y planetas,Espacio,Conocimiento del Entorno,5-6 años,4,Medio,"Conocer el sistema solar|Identificar planetas|Sol, luna, estrellas",Mira el cielo|¿Qué ves de noche?|Señala los planetas,"Ficha del espacio. El sol, la luna, estrellas y planetas principales. 10 ejercicios sobre el universo.",,<p><strong>El espacio</strong> para <strong>5 años</strong>. Descubre el universo en <strong>Infantil</strong>.</p>,pending,Infantil,5 Años,Conocimiento del Entorno,Espacio y Planetas | 5 Años (5-6) Infantil PDF,"Ficha del espacio con 10 ejercicios de planetas y sistema solar. 5 Años Infantil, nivel medio. ¡Descubre el universo! Descarga PDF."
INF055,Calabaza Halloween,Halloween,Tema Estacional,3-6 años,3,Fácil,"Reconocer símbolos de Halloween|Calabaza, fantasma, bruja|Decorar calabaza",Mira la calabaza|¿De qué color es?|Decórala con caras divertidas,Ficha temática de Halloween. La calabaza como símbolo principal. 6 ejercicios de decoración y reconocimiento.,,<p><strong>Halloween - Calabaza</strong> para <strong>Infantil</strong>. Ficha estacional transversal para 3-6 años.</p>,pending,Infantil,Estacional,Todas,Calabaza Halloween | Infantil (3-6) Temática,"Ficha de Halloween con 6 ejercicios de calabazas. Infantil 3-6 años, nivel fácil. ¡Especial Halloween! Descarga gratis."
INF056,Fantasma Halloween,Halloween,Tema Estacional,3-6 años,3,Fácil,Reconocer fantasmas|Contar fantasmas|Dibujar fantasmas,Busca los fantasmas|¿Cuántos hay?|Dibuja tu propio fantasma,Ficha de fantasmas de Halloween. Conteo y creatividad. 6 ejercicios temáticos.,,<p><strong>Fantasma de Halloween</strong> para <strong>Infantil</strong>. Ficha especial 3-6 años.</p>,pending,Infantil,Estacional,Todas,Fantasma Halloween | Infantil (3-6) PDF,"Ficha de fantasmas Halloween con 6 ejercicios de conteo. Infantil 3-6 años, nivel fácil. ¡Boo! Descarga PDF gratis."
INF057,Monstruo Halloween,Halloween,Tema Estacional,3-6 años,3,Fácil,Crear monstruos divertidos|Contar partes del cuerpo del monstruo|Colorear monstruos,Mira el monstruo|¿Cuántos ojos tiene?|Coloréalo,Ficha de monstruos de Halloween. Conteo de partes y coloreado. 6 ejercicios creativos.,,<p><strong>Monstruos de Halloween</strong> para <strong>Infantil</strong>. Diversión asegurada 3-6 años.</p>,pending,Infantil,Estacional,Todas,Monstruo Halloween | Infantil (3-6) Interactiva,"Ficha de monstruos Halloween con 6 ejercicios creativos. Infantil 3-6 años, nivel fácil. ¡Monstruos divertidos! Descarga gratis."
INF058,Árbol Navidad,Navidad,Tema Estacional,3-6 años,3,Fácil,Decorar árbol de Navidad|Contar adornos|Identificar colores navideños,Mira el árbol|¿Cuántos adornos tiene?|Decóralo tú también,Ficha del árbol de Navidad. Decoración y conteo. 6 ejercicios festivos.,,<p><strong>Árbol de Navidad</strong> para <strong>Infantil</strong>. Ficha especial navideña 3-6 años.</p>,pending,Infantil,Estacional,Todas,Árbol Navidad | Infantil (3-6) Navideña,"Ficha de árbol de Navidad con 6 ejercicios de decoración. Infantil 3-6 años, nivel fácil. ¡Feliz Navidad! Descarga gratis."
INF059,Reno Navidad,Navidad,Tema Estacional,3-6 años,3,Fácil,Reconocer el reno de Navidad|Contar renos|Identificar Rudolph,Busca el reno|¿Cuántos renos hay?|¿Cuál tiene la nariz roja?,Ficha del reno navideño. Conteo y reconocimiento de Rudolph. 6 ejercicios.,,<p><strong>Reno de Navidad</strong> para <strong>Infantil</strong>. Ficha especial 3-6 años.</p>,pending,Infantil,Estacional,Todas,Reno Navidad | Infantil (3-6) PDF,"Ficha de renos de Navidad con 6 ejercicios de conteo. Infantil 3-6 años, nivel fácil. ¡Rudolph! Descarga PDF gratis."
INF060,Trineo Papá Noel,Navidad,Tema Estacional,3-6 años,3,Fácil,Reconocer el trineo de Papá Noel|Contar regalos|Identificar a Papá Noel,Mira el trineo|¿Cuántos regalos lleva?|¿Dónde está Papá Noel?,Ficha del trineo y Papá Noel. Conteo de regalos. 6 ejercicios navideños.,,<p><strong>Trineo de Papá Noel</strong> para <strong>Infantil</strong>. Navidad mágica 3-6 años.</p>,pending,Infantil,Estacional,Todas,Trineo Papá Noel | Infantil (3-6) Navidad,"Ficha del trineo de Papá Noel con 6 ejercicios. Infantil 3-6 años, nivel fácil. ¡Ho ho ho! Descarga gratis."
INF061,Muñeco de nieve,Invierno,Tema Estacional,3-6 años,3,Fácil,Crear muñeco de nieve|Contar bolas de nieve|Identificar partes,Haz un muñeco de nieve|¿Cuántas bolas tiene?|Ponle bufanda y gorro,Ficha del muñeco de nieve. Construcción y decoración. 6 ejercicios invernales.,,<p><strong>Muñeco de nieve</strong> para <strong>Infantil</strong>. Ficha de invierno 3-6 años.</p>,pending,Infantil,Estacional,Todas,Muñeco de Nieve | Infantil (3-6) Invierno,"Ficha de muñeco de nieve con 6 ejercicios de construcción. Infantil 3-6 años, nivel fácil. ¡Diversión invernal! Descarga gratis."
INF062,Ropa de invierno,Invierno,Tema Estacional,3-6 años,4,Fácil,"Identificar ropa de invierno|Abrigo, bufanda, gorro, guantes|Vestirse para el frío",Mira la ropa|¿Qué usas cuando hace frío?|Señala la ropa de invierno,"Ficha de ropa invernal. Abrigo, bufanda, gorro, guantes, botas. 8 ejercicios de identificación.",,<p><strong>Ropa de invierno</strong> para <strong>Infantil</strong>. Aprende a vestirte en invierno 3-6 años.</p>,pending,Infantil,Estacional,Todas,Ropa de Invierno | Infantil (3-6) PDF,"Ficha de ropa de invierno con 8 ejercicios de identificación. Infantil 3-6 años, nivel fácil. ¡Abrígate bien! Descarga PDF."
INF063,Flores primavera,Primavera,Tema Estacional,3-6 años,3,Fácil,Reconocer flores de primavera|Contar pétalos|Identificar colores,Mira las flores|¿Cuántos pétalos tiene?|¿De qué color es?,Ficha de flores primaverales. Conteo de pétalos y colores. 6 ejercicios florales.,,<p><strong>Flores de primavera</strong> para <strong>Infantil</strong>. Celebra la primavera 3-6 años.</p>,pending,Infantil,Estacional,Todas,Flores Primavera | Infantil (3-6) Estacional,"Ficha de flores de primavera con 6 ejercicios de conteo. Infantil 3-6 años, nivel fácil. ¡Llega la primavera! Descarga gratis."
INF064,Mariposas,Primavera,Tema Estacional,3-6 años,3,Fácil,Reconocer mariposas|Contar alas|Identificar colores de mariposas,Mira la mariposa|¿Cuántas alas tiene?|Colorea las alas,Ficha de mariposas. Anatomía básica y coloración. 6 ejercicios primaverales.,,<p><strong>Mariposas de primavera</strong> para <strong>Infantil</strong>. Belleza primaveral 3-6 años.</p>,pending,Infantil,Estacional,Todas,Mariposas Primavera | Infantil (3-6) PDF,"Ficha de mariposas con 6 ejercicios de colores y formas. Infantil 3-6 años, nivel fácil. ¡Mariposas bonitas! Descarga PDF gratis."